{"meta":{"version":1,"warehouse":"4.0.0"},"models":{"Asset":[{"_id":"themes/hexo-theme-matery/source/favicon.png","path":"favicon.png","modified":1,"renderable":1},{"_id":"themes/hexo-theme-matery/source/css/gitment.css","path":"css/gitment.css","modified":1,"renderable":1},{"_id":"themes/hexo-theme-matery/source/css/matery.css","path":"css/matery.css","modified":1,"renderable":1},{"_id":"themes/hexo-theme-matery/source/css/my-gitalk.css","path":"css/my-gitalk.css","modified":1,"renderable":1},{"_id":"themes/hexo-theme-matery/source/css/my.css","path":"css/my.css","modified":1,"renderable":1},{"_id":"themes/hexo-theme-matery/source/js/matery.js","path":"js/matery.js","modified":1,"renderable":1},{"_id":"themes/hexo-theme-matery/source/js/search.js","path":"js/search.js","modified":1,"renderable":1},{"_id":"themes/hexo-theme-matery/source/medias/avatar.jpg","path":"medias/avatar.jpg","modified":1,"renderable":1},{"_id":"themes/hexo-theme-matery/source/medias/cover.jpg","path":"medias/cover.jpg","modified":1,"renderable":1},{"_id":"themes/hexo-theme-matery/source/medias/icp.png","path":"medias/icp.png","modified":1,"renderable":1},{"_id":"themes/hexo-theme-matery/source/medias/logo.png","path":"medias/logo.png","modified":1,"renderable":1},{"_id":"themes/hexo-theme-matery/source/medias/comment_bg.png","path":"medias/comment_bg.png","modified":1,"renderable":1},{"_id":"themes/hexo-theme-matery/source/libs/animate/animate.min.css","path":"libs/animate/animate.min.css","modified":1,"renderable":1},{"_id":"themes/hexo-theme-matery/source/libs/aos/aos.css","path":"libs/aos/aos.css","modified":1,"renderable":1},{"_id":"themes/hexo-theme-matery/source/libs/aos/aos.js","path":"libs/aos/aos.js","modified":1,"renderable":1},{"_id":"themes/hexo-theme-matery/source/libs/aplayer/APlayer.min.css","path":"libs/aplayer/APlayer.min.css","modified":1,"renderable":1},{"_id":"themes/hexo-theme-matery/source/libs/aplayer/APlayer.min.js","path":"libs/aplayer/APlayer.min.js","modified":1,"renderable":1},{"_id":"themes/hexo-theme-matery/source/libs/background/canvas-nest.js","path":"libs/background/canvas-nest.js","modified":1,"renderable":1},{"_id":"themes/hexo-theme-matery/source/libs/background/ribbon-dynamic.js","path":"libs/background/ribbon-dynamic.js","modified":1,"renderable":1},{"_id":"themes/hexo-theme-matery/source/libs/background/ribbon-refresh.min.js","path":"libs/background/ribbon-refresh.min.js","modified":1,"renderable":1},{"_id":"themes/hexo-theme-matery/source/libs/background/ribbon.min.js","path":"libs/background/ribbon.min.js","modified":1,"renderable":1},{"_id":"themes/hexo-theme-matery/source/libs/codeBlock/codeBlockFuction.js","path":"libs/codeBlock/codeBlockFuction.js","modified":1,"renderable":1},{"_id":"themes/hexo-theme-matery/source/libs/codeBlock/codeCopy.js","path":"libs/codeBlock/codeCopy.js","modified":1,"renderable":1},{"_id":"themes/hexo-theme-matery/source/libs/codeBlock/codeLang.js","path":"libs/codeBlock/codeLang.js","modified":1,"renderable":1},{"_id":"themes/hexo-theme-matery/source/libs/codeBlock/codeShrink.js","path":"libs/codeBlock/codeShrink.js","modified":1,"renderable":1},{"_id":"themes/hexo-theme-matery/source/libs/cryptojs/crypto-js.min.js","path":"libs/cryptojs/crypto-js.min.js","modified":1,"renderable":1},{"_id":"themes/hexo-theme-matery/source/libs/dplayer/DPlayer.min.css","path":"libs/dplayer/DPlayer.min.css","modified":1,"renderable":1},{"_id":"themes/hexo-theme-matery/source/libs/dplayer/DPlayer.min.js","path":"libs/dplayer/DPlayer.min.js","modified":1,"renderable":1},{"_id":"themes/hexo-theme-matery/source/libs/echarts/echarts.min.js","path":"libs/echarts/echarts.min.js","modified":1,"renderable":1},{"_id":"themes/hexo-theme-matery/source/libs/gitalk/gitalk.css","path":"libs/gitalk/gitalk.css","modified":1,"renderable":1},{"_id":"themes/hexo-theme-matery/source/libs/gitalk/gitalk.min.js","path":"libs/gitalk/gitalk.min.js","modified":1,"renderable":1},{"_id":"themes/hexo-theme-matery/source/libs/gitment/gitment-default.css","path":"libs/gitment/gitment-default.css","modified":1,"renderable":1},{"_id":"themes/hexo-theme-matery/source/libs/gitment/gitment.js","path":"libs/gitment/gitment.js","modified":1,"renderable":1},{"_id":"themes/hexo-theme-matery/source/libs/instantpage/instantpage.js","path":"libs/instantpage/instantpage.js","modified":1,"renderable":1},{"_id":"themes/hexo-theme-matery/source/libs/jqcloud/jqcloud-1.0.4.min.js","path":"libs/jqcloud/jqcloud-1.0.4.min.js","modified":1,"renderable":1},{"_id":"themes/hexo-theme-matery/source/libs/jqcloud/jqcloud.css","path":"libs/jqcloud/jqcloud.css","modified":1,"renderable":1},{"_id":"themes/hexo-theme-matery/source/libs/jquery/jquery.min.js","path":"libs/jquery/jquery.min.js","modified":1,"renderable":1},{"_id":"themes/hexo-theme-matery/source/libs/masonry/masonry.pkgd.min.js","path":"libs/masonry/masonry.pkgd.min.js","modified":1,"renderable":1},{"_id":"themes/hexo-theme-matery/source/libs/materialize/materialize.min.css","path":"libs/materialize/materialize.min.css","modified":1,"renderable":1},{"_id":"themes/hexo-theme-matery/source/libs/materialize/materialize.min.js","path":"libs/materialize/materialize.min.js","modified":1,"renderable":1},{"_id":"themes/hexo-theme-matery/source/libs/minivaline/MiniValine.js","path":"libs/minivaline/MiniValine.js","modified":1,"renderable":1},{"_id":"themes/hexo-theme-matery/source/libs/others/busuanzi.pure.mini.js","path":"libs/others/busuanzi.pure.mini.js","modified":1,"renderable":1},{"_id":"themes/hexo-theme-matery/source/libs/others/clicklove.js","path":"libs/others/clicklove.js","modified":1,"renderable":1},{"_id":"themes/hexo-theme-matery/source/libs/scrollprogress/scrollProgress.min.js","path":"libs/scrollprogress/scrollProgress.min.js","modified":1,"renderable":1},{"_id":"themes/hexo-theme-matery/source/libs/tocbot/tocbot.css","path":"libs/tocbot/tocbot.css","modified":1,"renderable":1},{"_id":"themes/hexo-theme-matery/source/libs/tocbot/tocbot.min.js","path":"libs/tocbot/tocbot.min.js","modified":1,"renderable":1},{"_id":"themes/hexo-theme-matery/source/libs/valine/Valine.min.js","path":"libs/valine/Valine.min.js","modified":1,"renderable":1},{"_id":"themes/hexo-theme-matery/source/libs/valine/av-min.js","path":"libs/valine/av-min.js","modified":1,"renderable":1},{"_id":"themes/hexo-theme-matery/source/medias/banner/0.jpg","path":"medias/banner/0.jpg","modified":1,"renderable":1},{"_id":"themes/hexo-theme-matery/source/medias/banner/1.jpg","path":"medias/banner/1.jpg","modified":1,"renderable":1},{"_id":"themes/hexo-theme-matery/source/medias/banner/2.jpg","path":"medias/banner/2.jpg","modified":1,"renderable":1},{"_id":"themes/hexo-theme-matery/source/medias/banner/3.jpg","path":"medias/banner/3.jpg","modified":1,"renderable":1},{"_id":"themes/hexo-theme-matery/source/medias/banner/4.jpg","path":"medias/banner/4.jpg","modified":1,"renderable":1},{"_id":"themes/hexo-theme-matery/source/medias/banner/5.jpg","path":"medias/banner/5.jpg","modified":1,"renderable":1},{"_id":"themes/hexo-theme-matery/source/medias/banner/6.jpg","path":"medias/banner/6.jpg","modified":1,"renderable":1},{"_id":"themes/hexo-theme-matery/source/medias/featureimages/0.jpg","path":"medias/featureimages/0.jpg","modified":1,"renderable":1},{"_id":"themes/hexo-theme-matery/source/medias/featureimages/1.jpg","path":"medias/featureimages/1.jpg","modified":1,"renderable":1},{"_id":"themes/hexo-theme-matery/source/medias/featureimages/10.jpg","path":"medias/featureimages/10.jpg","modified":1,"renderable":1},{"_id":"themes/hexo-theme-matery/source/medias/featureimages/11.jpg","path":"medias/featureimages/11.jpg","modified":1,"renderable":1},{"_id":"themes/hexo-theme-matery/source/medias/featureimages/12.jpg","path":"medias/featureimages/12.jpg","modified":1,"renderable":1},{"_id":"themes/hexo-theme-matery/source/medias/featureimages/13.jpg","path":"medias/featureimages/13.jpg","modified":1,"renderable":1},{"_id":"themes/hexo-theme-matery/source/medias/featureimages/14.jpg","path":"medias/featureimages/14.jpg","modified":1,"renderable":1},{"_id":"themes/hexo-theme-matery/source/medias/featureimages/15.jpg","path":"medias/featureimages/15.jpg","modified":1,"renderable":1},{"_id":"themes/hexo-theme-matery/source/medias/featureimages/16.jpg","path":"medias/featureimages/16.jpg","modified":1,"renderable":1},{"_id":"themes/hexo-theme-matery/source/medias/featureimages/17.jpg","path":"medias/featureimages/17.jpg","modified":1,"renderable":1},{"_id":"themes/hexo-theme-matery/source/medias/featureimages/18.jpg","path":"medias/featureimages/18.jpg","modified":1,"renderable":1},{"_id":"themes/hexo-theme-matery/source/medias/featureimages/19.jpg","path":"medias/featureimages/19.jpg","modified":1,"renderable":1},{"_id":"themes/hexo-theme-matery/source/medias/featureimages/2.jpg","path":"medias/featureimages/2.jpg","modified":1,"renderable":1},{"_id":"themes/hexo-theme-matery/source/medias/featureimages/20.jpg","path":"medias/featureimages/20.jpg","modified":1,"renderable":1},{"_id":"themes/hexo-theme-matery/source/medias/featureimages/21.jpg","path":"medias/featureimages/21.jpg","modified":1,"renderable":1},{"_id":"themes/hexo-theme-matery/source/medias/featureimages/22.jpg","path":"medias/featureimages/22.jpg","modified":1,"renderable":1},{"_id":"themes/hexo-theme-matery/source/medias/featureimages/23.jpg","path":"medias/featureimages/23.jpg","modified":1,"renderable":1},{"_id":"themes/hexo-theme-matery/source/medias/featureimages/3.jpg","path":"medias/featureimages/3.jpg","modified":1,"renderable":1},{"_id":"themes/hexo-theme-matery/source/medias/featureimages/4.jpg","path":"medias/featureimages/4.jpg","modified":1,"renderable":1},{"_id":"themes/hexo-theme-matery/source/medias/featureimages/5.jpg","path":"medias/featureimages/5.jpg","modified":1,"renderable":1},{"_id":"themes/hexo-theme-matery/source/medias/featureimages/6.jpg","path":"medias/featureimages/6.jpg","modified":1,"renderable":1},{"_id":"themes/hexo-theme-matery/source/medias/featureimages/7.jpg","path":"medias/featureimages/7.jpg","modified":1,"renderable":1},{"_id":"themes/hexo-theme-matery/source/medias/featureimages/8.jpg","path":"medias/featureimages/8.jpg","modified":1,"renderable":1},{"_id":"themes/hexo-theme-matery/source/medias/featureimages/9.jpg","path":"medias/featureimages/9.jpg","modified":1,"renderable":1},{"_id":"themes/hexo-theme-matery/source/medias/reward/alipay.jpg","path":"medias/reward/alipay.jpg","modified":1,"renderable":1},{"_id":"themes/hexo-theme-matery/source/medias/reward/wechat.png","path":"medias/reward/wechat.png","modified":1,"renderable":1},{"_id":"themes/hexo-theme-matery/source/libs/awesome/css/all.css","path":"libs/awesome/css/all.css","modified":1,"renderable":1},{"_id":"themes/hexo-theme-matery/source/libs/awesome/webfonts/fa-brands-400.eot","path":"libs/awesome/webfonts/fa-brands-400.eot","modified":1,"renderable":1},{"_id":"themes/hexo-theme-matery/source/libs/awesome/webfonts/fa-brands-400.svg","path":"libs/awesome/webfonts/fa-brands-400.svg","modified":1,"renderable":1},{"_id":"themes/hexo-theme-matery/source/libs/awesome/webfonts/fa-brands-400.ttf","path":"libs/awesome/webfonts/fa-brands-400.ttf","modified":1,"renderable":1},{"_id":"themes/hexo-theme-matery/source/libs/awesome/webfonts/fa-brands-400.woff","path":"libs/awesome/webfonts/fa-brands-400.woff","modified":1,"renderable":1},{"_id":"themes/hexo-theme-matery/source/libs/awesome/webfonts/fa-brands-400.woff2","path":"libs/awesome/webfonts/fa-brands-400.woff2","modified":1,"renderable":1},{"_id":"themes/hexo-theme-matery/source/libs/awesome/webfonts/fa-regular-400.eot","path":"libs/awesome/webfonts/fa-regular-400.eot","modified":1,"renderable":1},{"_id":"themes/hexo-theme-matery/source/libs/awesome/webfonts/fa-regular-400.svg","path":"libs/awesome/webfonts/fa-regular-400.svg","modified":1,"renderable":1},{"_id":"themes/hexo-theme-matery/source/libs/awesome/webfonts/fa-regular-400.ttf","path":"libs/awesome/webfonts/fa-regular-400.ttf","modified":1,"renderable":1},{"_id":"themes/hexo-theme-matery/source/libs/awesome/webfonts/fa-regular-400.woff","path":"libs/awesome/webfonts/fa-regular-400.woff","modified":1,"renderable":1},{"_id":"themes/hexo-theme-matery/source/libs/awesome/webfonts/fa-regular-400.woff2","path":"libs/awesome/webfonts/fa-regular-400.woff2","modified":1,"renderable":1},{"_id":"themes/hexo-theme-matery/source/libs/awesome/webfonts/fa-solid-900.eot","path":"libs/awesome/webfonts/fa-solid-900.eot","modified":1,"renderable":1},{"_id":"themes/hexo-theme-matery/source/libs/awesome/webfonts/fa-solid-900.svg","path":"libs/awesome/webfonts/fa-solid-900.svg","modified":1,"renderable":1},{"_id":"themes/hexo-theme-matery/source/libs/awesome/webfonts/fa-solid-900.ttf","path":"libs/awesome/webfonts/fa-solid-900.ttf","modified":1,"renderable":1},{"_id":"themes/hexo-theme-matery/source/libs/awesome/webfonts/fa-solid-900.woff","path":"libs/awesome/webfonts/fa-solid-900.woff","modified":1,"renderable":1},{"_id":"themes/hexo-theme-matery/source/libs/awesome/webfonts/fa-solid-900.woff2","path":"libs/awesome/webfonts/fa-solid-900.woff2","modified":1,"renderable":1},{"_id":"themes/hexo-theme-matery/source/libs/lightGallery/css/lightgallery.min.css","path":"libs/lightGallery/css/lightgallery.min.css","modified":1,"renderable":1},{"_id":"themes/hexo-theme-matery/source/libs/lightGallery/fonts/lg.eot","path":"libs/lightGallery/fonts/lg.eot","modified":1,"renderable":1},{"_id":"themes/hexo-theme-matery/source/libs/lightGallery/fonts/lg.svg","path":"libs/lightGallery/fonts/lg.svg","modified":1,"renderable":1},{"_id":"themes/hexo-theme-matery/source/libs/lightGallery/fonts/lg.ttf","path":"libs/lightGallery/fonts/lg.ttf","modified":1,"renderable":1},{"_id":"themes/hexo-theme-matery/source/libs/lightGallery/fonts/lg.woff","path":"libs/lightGallery/fonts/lg.woff","modified":1,"renderable":1},{"_id":"themes/hexo-theme-matery/source/libs/lightGallery/img/loading.gif","path":"libs/lightGallery/img/loading.gif","modified":1,"renderable":1},{"_id":"themes/hexo-theme-matery/source/libs/lightGallery/img/video-play.png","path":"libs/lightGallery/img/video-play.png","modified":1,"renderable":1},{"_id":"themes/hexo-theme-matery/source/libs/lightGallery/img/vimeo-play.png","path":"libs/lightGallery/img/vimeo-play.png","modified":1,"renderable":1},{"_id":"themes/hexo-theme-matery/source/libs/lightGallery/img/youtube-play.png","path":"libs/lightGallery/img/youtube-play.png","modified":1,"renderable":1},{"_id":"themes/hexo-theme-matery/source/libs/lightGallery/js/lightgallery-all.min.js","path":"libs/lightGallery/js/lightgallery-all.min.js","modified":1,"renderable":1},{"_id":"themes/hexo-theme-matery/source/libs/share/css/share.min.css","path":"libs/share/css/share.min.css","modified":1,"renderable":1},{"_id":"themes/hexo-theme-matery/source/libs/share/fonts/iconfont.eot","path":"libs/share/fonts/iconfont.eot","modified":1,"renderable":1},{"_id":"themes/hexo-theme-matery/source/libs/share/fonts/iconfont.svg","path":"libs/share/fonts/iconfont.svg","modified":1,"renderable":1},{"_id":"themes/hexo-theme-matery/source/libs/share/fonts/iconfont.ttf","path":"libs/share/fonts/iconfont.ttf","modified":1,"renderable":1},{"_id":"themes/hexo-theme-matery/source/libs/share/fonts/iconfont.woff","path":"libs/share/fonts/iconfont.woff","modified":1,"renderable":1},{"_id":"themes/hexo-theme-matery/source/libs/share/js/jquery.share.min.js","path":"libs/share/js/jquery.share.min.js","modified":1,"renderable":1},{"_id":"themes/hexo-theme-matery/source/libs/share/js/social-share.min.js","path":"libs/share/js/social-share.min.js","modified":1,"renderable":1}],"Cache":[{"_id":"source/404.md","hash":"7149cb0a8427d5945b0ae8858d9794369d8028f6","modified":1604644326836},{"_id":"source/_data/friends.json","hash":"b7f6186e35c40653a8349eb641922d770189bdf6","modified":1604644283667},{"_id":"source/about/index.md","hash":"9ff19930b11c99b9458022ec7e446883a6bb07d2","modified":1604644164527},{"_id":"source/_posts/hello-world.md","hash":"acad91ace80b80295b11a9b7ad4c29a2dcfdd8fb","modified":1604643112839},{"_id":"source/categories/index.md","hash":"ca34345eda8707c1f1759f5f75f37a4c543999ca","modified":1604644091565},{"_id":"source/contact/index.md","hash":"be591f24dccd6969247a4f52fc6d9c776a787854","modified":1604644198168},{"_id":"source/friends/index.md","hash":"3a90e49df607619a92460a8c7272d7ef519ac056","modified":1604644240644},{"_id":"source/tags/index.md","hash":"c76138157f58a08af52297c5c18ec65795ad6f54","modified":1604644128217},{"_id":"themes/hexo-theme-matery/.gitignore","hash":"5340c994462c7345373e075529f40e60c1952f00","modified":1604643273241},{"_id":"themes/hexo-theme-matery/_config.yml","hash":"c29a4b2f5f46a4cfbd67d74a2d373b3ff8f3f066","modified":1604645909943},{"_id":"themes/hexo-theme-matery/LICENSE","hash":"b314c7ebb7d599944981908b7f3ed33a30e78f3a","modified":1604643273242},{"_id":"themes/hexo-theme-matery/languages/default.yml","hash":"9baf9370d0d7494e8575934e4bd0fa6d24484052","modified":1604643273250},{"_id":"themes/hexo-theme-matery/languages/zh-CN.yml","hash":"13ce732a54ce08b0ca01f14fd09cbe8fc418de21","modified":1604643273251},{"_id":"themes/hexo-theme-matery/languages/zh-HK.yml","hash":"ae34ac0e175c3037675722e436637efbceea32f0","modified":1604643273252},{"_id":"themes/hexo-theme-matery/README.md","hash":"bbc201f264ea3fca4ec3738728d4236626cd698a","modified":1604643273244},{"_id":"themes/hexo-theme-matery/README_CN.md","hash":"9c09cd1f56525eb5c7dcbcc54888e227977eaccd","modified":1604643273246},{"_id":"themes/hexo-theme-matery/layout/404.ejs","hash":"162136ceca6c95928c90a1adef8fabc2161d5c0e","modified":1604643273255},{"_id":"themes/hexo-theme-matery/layout/about.ejs","hash":"88e23163aae5dff7a2e7050f55c3754f0e76ae68","modified":1604643273320},{"_id":"themes/hexo-theme-matery/layout/archive.ejs","hash":"57733d52d17361e735fcc95f875e0b1b9ebdcbd8","modified":1604643273322},{"_id":"themes/hexo-theme-matery/layout/categories.ejs","hash":"c431e772d0f7700592228bbd9502793bdc28a893","modified":1604643273324},{"_id":"themes/hexo-theme-matery/layout/category.ejs","hash":"4ac716d15d84e7c37f07308a5ec008a2ac090c9b","modified":1604643273325},{"_id":"themes/hexo-theme-matery/layout/contact.ejs","hash":"19d62e521c4253496db559478db5164ddfd2480e","modified":1604643273326},{"_id":"themes/hexo-theme-matery/layout/friends.ejs","hash":"e9716a948172e6ad46c18cc7e78770cdc46f1857","modified":1604643273328},{"_id":"themes/hexo-theme-matery/layout/index.ejs","hash":"e6e6ab8624081e0f5e2d459427ca5069d7435c19","modified":1604643273329},{"_id":"themes/hexo-theme-matery/layout/layout.ejs","hash":"27302b61fd4277507c41c28de5cc176e8deb8fb1","modified":1604643273330},{"_id":"themes/hexo-theme-matery/layout/post.ejs","hash":"3783bb4d7807e3a3701d67499a878c69a0a872d6","modified":1604643273332},{"_id":"themes/hexo-theme-matery/layout/tag.ejs","hash":"058eb27ff10f5314d8b9e334c54419b9a6572315","modified":1604643273333},{"_id":"themes/hexo-theme-matery/layout/tags.ejs","hash":"851c0ee599e91e7b1d657673859e8b6ff79cf50b","modified":1604643273334},{"_id":"themes/hexo-theme-matery/source/favicon.png","hash":"774fee8c6d0be9dbb010b20f36c06848d06e3da0","modified":1604643273344},{"_id":"themes/hexo-theme-matery/layout/_partial/background.ejs","hash":"6b4341fbba291c53de91babb2a0d69940a8d6547","modified":1604643273258},{"_id":"themes/hexo-theme-matery/layout/_partial/back-top.ejs","hash":"be527741c39c9dc4a13ad712b49fe8db0147fe1e","modified":1604643273257},{"_id":"themes/hexo-theme-matery/layout/_partial/baidu-analytics.ejs","hash":"4b01030b7136192bdbd704e29a0fe12f92767551","modified":1604643273259},{"_id":"themes/hexo-theme-matery/layout/_partial/baidu-push.ejs","hash":"2841870e0c625787de348221e5ddb7bbe99ec5a2","modified":1604643273260},{"_id":"themes/hexo-theme-matery/layout/_partial/bg-cover-content.ejs","hash":"58a7a07f8ab81ecc19a78d897955ca1ad73defb3","modified":1604643273262},{"_id":"themes/hexo-theme-matery/layout/_partial/bg-cover.ejs","hash":"d5a7b9bb96e04c0a3485dd873748f19c50a6a04f","modified":1604643273263},{"_id":"themes/hexo-theme-matery/layout/_partial/changyan.ejs","hash":"cd919d31564e118c2ee8d5cbfb7d51ee6da15d82","modified":1604643273265},{"_id":"themes/hexo-theme-matery/layout/_partial/footer.ejs","hash":"2b33ec86be58152e0af06adcf66b1bf867940e20","modified":1604643273267},{"_id":"themes/hexo-theme-matery/layout/_partial/gitalk.ejs","hash":"27764936791ce36b527bea63689435346bbfb425","modified":1604643273269},{"_id":"themes/hexo-theme-matery/layout/_partial/github-link.ejs","hash":"fd4034bca2eb3987dcf113e6477260bee97eb1e7","modified":1604643273270},{"_id":"themes/hexo-theme-matery/layout/_partial/gitment.ejs","hash":"90888c945384aa1ee4650bd43bd7ea670f25828c","modified":1604643273271},{"_id":"themes/hexo-theme-matery/layout/_partial/google-analytics.ejs","hash":"890c8f04c1f4905dfceb3ea9fd6efdd040d79c01","modified":1604643273273},{"_id":"themes/hexo-theme-matery/layout/_partial/head.ejs","hash":"baf823506b71f257a42b44adaa52d42344b9cb65","modified":1604643273274},{"_id":"themes/hexo-theme-matery/layout/_partial/header.ejs","hash":"4bcdbd27273dd1b7098d4cfa6479b5d6b138cd12","modified":1604643273276},{"_id":"themes/hexo-theme-matery/layout/_partial/index-cover.ejs","hash":"624d9cb78a5507895ab50d20f3f0c497a5025d08","modified":1604643273277},{"_id":"themes/hexo-theme-matery/layout/_partial/livere.ejs","hash":"42728561c09589f79b698eb059ab4def53ed3642","modified":1604643273278},{"_id":"themes/hexo-theme-matery/layout/_partial/minivaline.ejs","hash":"e1264587db510ae1885405aed433592291ae74c4","modified":1604643273280},{"_id":"themes/hexo-theme-matery/layout/_partial/mobile-nav.ejs","hash":"8ce2974b19765e1f05d935a4f18abf7c84a980da","modified":1604643273281},{"_id":"themes/hexo-theme-matery/layout/_partial/navigation.ejs","hash":"5a2179a9a3de6f56b0aaa154a11919b8f34fcbf9","modified":1604643273283},{"_id":"themes/hexo-theme-matery/layout/_partial/paging.ejs","hash":"d8773abab5d0b672b70a9df20a8f9f7f6b0a2dae","modified":1604643273284},{"_id":"themes/hexo-theme-matery/layout/_partial/post-cover.ejs","hash":"7f583c935253e2bf6421791715ee9de4989add6e","modified":1604643273286},{"_id":"themes/hexo-theme-matery/layout/_partial/disqus.ejs","hash":"1b392f2160f962f62f3ddf5e1155c7f2f4888e1d","modified":1604643273266},{"_id":"themes/hexo-theme-matery/layout/_partial/post-detail-toc.ejs","hash":"9ea5ec33b10515a2c90acd2c461f1b1e6a0da6f0","modified":1604643273287},{"_id":"themes/hexo-theme-matery/layout/_partial/post-statis.ejs","hash":"de0d5763ddd64463f43135678b64c044884b8406","modified":1604643273290},{"_id":"themes/hexo-theme-matery/layout/_partial/prev-next.ejs","hash":"1fb43f421de58aa24458f7d4a4cda44b8a3d62cc","modified":1604643273291},{"_id":"themes/hexo-theme-matery/layout/_partial/post-detail.ejs","hash":"9f18745f6b4451e6c87e4738fd7e585c0897c502","modified":1604643273288},{"_id":"themes/hexo-theme-matery/layout/_partial/reprint-statement.ejs","hash":"f67bc52bc5a2464ebe30f42c65c0ee38eeec2fda","modified":1604643273293},{"_id":"themes/hexo-theme-matery/layout/_partial/reward.ejs","hash":"90c2ab31492f8226454537d6b987e9399119047d","modified":1604643273294},{"_id":"themes/hexo-theme-matery/layout/_partial/search.ejs","hash":"5a0a056d642f89dc45d22cbcf0b210e69e58cf57","modified":1604643273295},{"_id":"themes/hexo-theme-matery/layout/_partial/share.ejs","hash":"e50fae64b6cfdbed18861eb49eca5018a920c7a4","modified":1604643273297},{"_id":"themes/hexo-theme-matery/layout/_partial/social-link.ejs","hash":"f640583d45179abc1ef57951e7f61fb9e10f44c9","modified":1604643273298},{"_id":"themes/hexo-theme-matery/layout/_partial/valine.ejs","hash":"ef335be75e3f26580583af8699b8497f350ae200","modified":1604643273300},{"_id":"themes/hexo-theme-matery/layout/_widget/artitalk.ejs","hash":"b14e486f12b9ac42a273b80e4d785fcb94cf04b2","modified":1604643273302},{"_id":"themes/hexo-theme-matery/layout/_widget/category-cloud.ejs","hash":"3ef458166041a8a12e493cc5963a5af5d98c1dfc","modified":1604643273303},{"_id":"themes/hexo-theme-matery/layout/_widget/category-radar.ejs","hash":"131e2eabf6b216210efd0746300889adfee357be","modified":1604643273304},{"_id":"themes/hexo-theme-matery/layout/_widget/dream.ejs","hash":"d6692f8c81013191fce59f47df1b6171649181ca","modified":1604643273305},{"_id":"themes/hexo-theme-matery/layout/_widget/music.ejs","hash":"8fc0e6172abbed7084b06e3ed637ad37e2752c48","modified":1604643273307},{"_id":"themes/hexo-theme-matery/layout/_widget/my-projects.ejs","hash":"141f19a8aa41b7a21436f23ce114bd5fda932512","modified":1604643273309},{"_id":"themes/hexo-theme-matery/layout/_widget/my-gallery.ejs","hash":"f5259f18a906f2862fe72b90c28125b5f6b7d0b1","modified":1604643273308},{"_id":"themes/hexo-theme-matery/layout/_widget/my-skills.ejs","hash":"9edbeb1ec6212762d597ae7a05b5a219f72c8f98","modified":1604643273310},{"_id":"themes/hexo-theme-matery/layout/_widget/post-calendar.ejs","hash":"fb5ee7674070956d134ddca6890a9bd3f398cc0f","modified":1604643273312},{"_id":"themes/hexo-theme-matery/layout/_widget/post-charts.ejs","hash":"20f0b6155eee348276dd91790f6a52b1005a0518","modified":1604643273313},{"_id":"themes/hexo-theme-matery/layout/_widget/recommend.ejs","hash":"5f64edd00d0a7c3b5e90d5ff99c9ebba61482d75","modified":1604643273315},{"_id":"themes/hexo-theme-matery/layout/_widget/tag-cloud.ejs","hash":"d32898104477acef56c33d00a68b48db15dcf2e6","modified":1604643273316},{"_id":"themes/hexo-theme-matery/layout/_widget/tag-wordcloud.ejs","hash":"03dcd0a7a9fdbcc2bc38a99a8fad96ae17a340fa","modified":1604643273318},{"_id":"themes/hexo-theme-matery/layout/_widget/video.ejs","hash":"6eaab5fccff9ad69d1d877a0f0585e2fcb89ba52","modified":1604643273319},{"_id":"themes/hexo-theme-matery/source/css/gitment.css","hash":"d5ef623065d1fbc897119f7b70ccf7563e329917","modified":1604643273337},{"_id":"themes/hexo-theme-matery/source/css/matery.css","hash":"f8bcbcb4c2a3aebb3a2e7bf282ec99b4589cd5db","modified":1604643273339},{"_id":"themes/hexo-theme-matery/source/css/my-gitalk.css","hash":"4e3e855767ac5a48b13af1d6a42df13d8975e03f","modified":1604643273340},{"_id":"themes/hexo-theme-matery/source/css/my.css","hash":"b3c32b573a4a9ef3dfeffbd544a9c3f451e67a54","modified":1604643273343},{"_id":"themes/hexo-theme-matery/source/js/search.js","hash":"02e6072d766c6f631b5b75e1d774409103605491","modified":1604643273348},{"_id":"themes/hexo-theme-matery/source/js/matery.js","hash":"ddfef10e80a09b8efb48c52ede773e71d5890c78","modified":1604643273347},{"_id":"themes/hexo-theme-matery/source/medias/avatar.jpg","hash":"2a6287308628881ce27b9a7de53ba15c2be00d02","modified":1604643273497},{"_id":"themes/hexo-theme-matery/source/medias/icp.png","hash":"27a96f31f7d0413c6ade6f40e06f021f501151c7","modified":1604643273554},{"_id":"themes/hexo-theme-matery/source/medias/logo.png","hash":"d9095f5ea8719374d9d1ff020279426f5b2a1396","modified":1604643273555},{"_id":"themes/hexo-theme-matery/source/medias/comment_bg.png","hash":"dfc93d24081884fbc58cab0f8fd19e77d31d6123","modified":1604643273514},{"_id":"themes/hexo-theme-matery/source/libs/animate/animate.min.css","hash":"5dfcbcee866e9dc564916416281885f3e320871e","modified":1604643273352},{"_id":"themes/hexo-theme-matery/source/libs/aos/aos.css","hash":"ded9739f803d114c9168d3351fded72b3b478b4c","modified":1604643273354},{"_id":"themes/hexo-theme-matery/source/libs/aos/aos.js","hash":"5a8e6d07ffa55642418ab3fd4b263aa08284b77a","modified":1604643273356},{"_id":"themes/hexo-theme-matery/source/libs/aplayer/APlayer.min.css","hash":"7f4f8913f2d46ade2def5134e2cc8684a4b87939","modified":1604643273358},{"_id":"themes/hexo-theme-matery/source/libs/aplayer/APlayer.min.js","hash":"70c0c4a9bf698747b7c058c21287ad617355e5dd","modified":1604643273360},{"_id":"themes/hexo-theme-matery/source/libs/background/canvas-nest.js","hash":"d2569ef80127ed2f4af7ef4d9f82b037794eec69","modified":1604643273408},{"_id":"themes/hexo-theme-matery/source/libs/background/ribbon-dynamic.js","hash":"8f53dbd5f9a40c377664bf8ca0d5d5ed75b91757","modified":1604643273409},{"_id":"themes/hexo-theme-matery/source/libs/background/ribbon-refresh.min.js","hash":"6d98692b2cad8c746a562db18b170b35c24402f4","modified":1604643273411},{"_id":"themes/hexo-theme-matery/source/libs/background/ribbon.min.js","hash":"6a99d494c030388f96f6086a7aaa0f03f3fe532e","modified":1604643273412},{"_id":"themes/hexo-theme-matery/source/libs/codeBlock/codeBlockFuction.js","hash":"a8133367d48199e7505c2d831ca848b4202b9ba6","modified":1604643273414},{"_id":"themes/hexo-theme-matery/source/libs/codeBlock/codeCopy.js","hash":"6ab7871d36cab438bbd4d781bc1fe7618b46b6e7","modified":1604643273415},{"_id":"themes/hexo-theme-matery/source/libs/codeBlock/codeLang.js","hash":"066d2c89ad429e44f6467b9267da782ccaad57de","modified":1604643273416},{"_id":"themes/hexo-theme-matery/source/libs/codeBlock/codeShrink.js","hash":"3edbe498f7bb9e7daa77f9db30e1b5eeab40e067","modified":1604643273417},{"_id":"themes/hexo-theme-matery/source/libs/cryptojs/crypto-js.min.js","hash":"33810b2b757fc4327bc1d3b83bb5e0d3dc1fec5b","modified":1604643273419},{"_id":"themes/hexo-theme-matery/source/libs/dplayer/DPlayer.min.css","hash":"5d52d3b34fceb9d7e11f1beaf7ed380b4249dec4","modified":1604643273421},{"_id":"themes/hexo-theme-matery/source/libs/gitalk/gitalk.css","hash":"9c0bacfbd4519d3859e3bbb06128ba241804d8b1","modified":1604643273433},{"_id":"themes/hexo-theme-matery/source/libs/gitment/gitment-default.css","hash":"a0625d8b432af8bdc820f8768d36cde439e7257c","modified":1604643273437},{"_id":"themes/hexo-theme-matery/source/libs/instantpage/instantpage.js","hash":"043eba3c85c2e2009a9fabf3c4fc55537852fd86","modified":1604643273441},{"_id":"themes/hexo-theme-matery/source/libs/jqcloud/jqcloud-1.0.4.min.js","hash":"26849509f196a2d21bbfd15696e5d5153163b8f1","modified":1604643273443},{"_id":"themes/hexo-theme-matery/source/libs/jqcloud/jqcloud.css","hash":"4e6538c8312aeeab845d361c37a8c1a0931241f0","modified":1604643273444},{"_id":"themes/hexo-theme-matery/source/libs/masonry/masonry.pkgd.min.js","hash":"f81cd7bfcf7aa2d043bd3e6077df42656fc44b82","modified":1604643273464},{"_id":"themes/hexo-theme-matery/source/libs/minivaline/MiniValine.js","hash":"005185ce5c8250503a75c370a9eb8f044f016c78","modified":1604643273471},{"_id":"themes/hexo-theme-matery/source/libs/others/busuanzi.pure.mini.js","hash":"6e41f31100ae7eb3a6f23f2c168f6dd56e7f7a9a","modified":1604643273473},{"_id":"themes/hexo-theme-matery/source/libs/others/clicklove.js","hash":"6a39b8c683ba5dcd92f70c6ab45d1cfac3213e8e","modified":1604643273475},{"_id":"themes/hexo-theme-matery/source/libs/scrollprogress/scrollProgress.min.js","hash":"777ffe5d07e85a14fbe97d846f45ffc0087251cc","modified":1604643273476},{"_id":"themes/hexo-theme-matery/source/libs/tocbot/tocbot.css","hash":"9783581bec83e6bd6cd279f0af23a2862f46a587","modified":1604643273489},{"_id":"themes/hexo-theme-matery/source/libs/tocbot/tocbot.min.js","hash":"5ec27317f0270b8cf6b884c6f12025700b9a565c","modified":1604643273491},{"_id":"themes/hexo-theme-matery/source/medias/featureimages/10.jpg","hash":"98e7f6fd9c97d4de9044b6871ca08ebf14db11b9","modified":1604643273521},{"_id":"themes/hexo-theme-matery/source/medias/featureimages/13.jpg","hash":"35a320174f8e316e3eadaec658024276b651c6e9","modified":1604643273526},{"_id":"themes/hexo-theme-matery/source/medias/featureimages/15.jpg","hash":"da0fbee3b7bde1607eace377ddf834c0be99edfe","modified":1604643273529},{"_id":"themes/hexo-theme-matery/source/medias/featureimages/16.jpg","hash":"97a829c4bc94f9d2929b20a1a9b798c57b9f7205","modified":1604643273531},{"_id":"themes/hexo-theme-matery/source/medias/featureimages/2.jpg","hash":"4bba691cf71a517ecaeaf42afd3e8f8b31e346c1","modified":1604643273537},{"_id":"themes/hexo-theme-matery/source/medias/featureimages/21.jpg","hash":"b26edb128bb0bf58b23fd2f014e9555e89a2ca3b","modified":1604643273540},{"_id":"themes/hexo-theme-matery/source/medias/featureimages/22.jpg","hash":"754579747a3e99747d890fca3162f370b96a7941","modified":1604643273541},{"_id":"themes/hexo-theme-matery/source/medias/featureimages/23.jpg","hash":"7d7f37da3fa7128343adac23866449eb2c6a549a","modified":1604643273542},{"_id":"themes/hexo-theme-matery/source/medias/featureimages/3.jpg","hash":"6ec646c2a70f5f11edacf225c1477f2200a37a96","modified":1604643273544},{"_id":"themes/hexo-theme-matery/source/medias/featureimages/5.jpg","hash":"41ca20129a37fedc573eec28dd7d7b9e5b09228a","modified":1604643273547},{"_id":"themes/hexo-theme-matery/source/medias/featureimages/7.jpg","hash":"7975141cd64e875122c0ea33daaca1a06bf00b8e","modified":1604643273550},{"_id":"themes/hexo-theme-matery/source/medias/featureimages/8.jpg","hash":"8e4b7186352085483ca1174c7c0800114c48df8b","modified":1604643273551},{"_id":"themes/hexo-theme-matery/source/medias/reward/alipay.jpg","hash":"1abc719b95d1b26f1f898e6b0a9b7609146e332f","modified":1604643273557},{"_id":"themes/hexo-theme-matery/source/medias/reward/wechat.png","hash":"fe93385aa92fe328e01c8221a80b039be9e4e140","modified":1604643273559},{"_id":"themes/hexo-theme-matery/source/libs/awesome/webfonts/fa-regular-400.eot","hash":"439c8afd3373acb4a73135a34e220464a89cd5e2","modified":1604643273384},{"_id":"themes/hexo-theme-matery/source/libs/awesome/webfonts/fa-regular-400.ttf","hash":"0f4bd02942a54a6b3200d9078adff88c2812e751","modified":1604643273388},{"_id":"themes/hexo-theme-matery/source/libs/awesome/webfonts/fa-regular-400.woff","hash":"59439d3ad31d856d78ec3e2bd9f1eafa2c7a581c","modified":1604643273389},{"_id":"themes/hexo-theme-matery/source/libs/awesome/webfonts/fa-regular-400.woff2","hash":"f6f653b4ea8fc487bdb590d39d5a726258a55f40","modified":1604643273390},{"_id":"themes/hexo-theme-matery/source/libs/lightGallery/css/lightgallery.min.css","hash":"1b7227237f9785c66062a4811508916518e4132c","modified":1604643273449},{"_id":"themes/hexo-theme-matery/source/libs/lightGallery/fonts/lg.eot","hash":"54caf05a81e33d7bf04f2e420736ce6f1de5f936","modified":1604643273451},{"_id":"themes/hexo-theme-matery/source/libs/lightGallery/fonts/lg.svg","hash":"67d261ac428761389c895e1da73664e633e14a72","modified":1604643273452},{"_id":"themes/hexo-theme-matery/source/libs/lightGallery/fonts/lg.ttf","hash":"f6421c0c397311ae09f9257aa58bcd5e9720f493","modified":1604643273453},{"_id":"themes/hexo-theme-matery/source/libs/lightGallery/fonts/lg.woff","hash":"3048de344dd5cad4624e0127e58eaae4b576f574","modified":1604643273454},{"_id":"themes/hexo-theme-matery/source/libs/lightGallery/img/loading.gif","hash":"15a76af2739482d8de7354abc6d8dc4fca8d145e","modified":1604643273456},{"_id":"themes/hexo-theme-matery/source/libs/lightGallery/img/video-play.png","hash":"2962e03ddbe04d7e201a5acccac531a2bbccddfc","modified":1604643273457},{"_id":"themes/hexo-theme-matery/source/libs/lightGallery/img/vimeo-play.png","hash":"9b72fc0f86a01467ed0b68c9cc4d604ec316d517","modified":1604643273458},{"_id":"themes/hexo-theme-matery/source/libs/lightGallery/img/youtube-play.png","hash":"f8d11384d33b7a79ee2ba8d522844f14d5067a80","modified":1604643273460},{"_id":"themes/hexo-theme-matery/source/libs/lightGallery/js/lightgallery-all.min.js","hash":"f8cd48e1fff82ecd54a7ce3e69de8dba7c92d113","modified":1604643273461},{"_id":"themes/hexo-theme-matery/source/libs/share/css/share.min.css","hash":"7126de5cec8371e580b7b1f22512da0985cc39e5","modified":1604643273479},{"_id":"themes/hexo-theme-matery/source/libs/share/fonts/iconfont.eot","hash":"00ff749c8e202401190cc98d56087cdda716abe4","modified":1604643273481},{"_id":"themes/hexo-theme-matery/source/libs/share/fonts/iconfont.svg","hash":"1d56c9d5db0273f07c43cc1397e440f98ba7827a","modified":1604643273482},{"_id":"themes/hexo-theme-matery/source/libs/share/fonts/iconfont.ttf","hash":"afd898f59d363887418669520b24d175f966a083","modified":1604643273483},{"_id":"themes/hexo-theme-matery/source/libs/share/fonts/iconfont.woff","hash":"2e3fce1dcfbd6e2114e7bfbeaf72d3c62e15a1bd","modified":1604643273484},{"_id":"themes/hexo-theme-matery/source/libs/share/js/jquery.share.min.js","hash":"de34668d902ec082d17ddb6dd7ad24255fb547c5","modified":1604643273486},{"_id":"themes/hexo-theme-matery/source/libs/share/js/social-share.min.js","hash":"ba635a17a9d9d132369f9fe4b1fbcaf001ea6ac9","modified":1604643273488},{"_id":"themes/hexo-theme-matery/source/libs/dplayer/DPlayer.min.js","hash":"82276be41d2001e820020a219b90ad5b026302d1","modified":1604643273423},{"_id":"themes/hexo-theme-matery/source/libs/gitment/gitment.js","hash":"5a13983930b019450e4fe01a407c64b3dd316be4","modified":1604643273439},{"_id":"themes/hexo-theme-matery/source/libs/jquery/jquery.min.js","hash":"a8927ac2830b2fdd4a729eb0eb7f80923539ceb9","modified":1604643273446},{"_id":"themes/hexo-theme-matery/source/libs/valine/Valine.min.js","hash":"d6c03e8c3e547b5f48878081d10559b80f626948","modified":1604643273493},{"_id":"themes/hexo-theme-matery/source/medias/banner/0.jpg","hash":"69ec96cd9b4bc3aa631adc9da61353f50c39f031","modified":1604643273500},{"_id":"themes/hexo-theme-matery/source/medias/banner/2.jpg","hash":"39fb2535460ce66cc0b34e07ffb9411db1405f09","modified":1604643273504},{"_id":"themes/hexo-theme-matery/source/medias/banner/3.jpg","hash":"4ac047e92d0363b1a61ab756aca6dac13fb77494","modified":1604643273506},{"_id":"themes/hexo-theme-matery/source/medias/featureimages/0.jpg","hash":"1c3300f029fc85d6dda6fa4f1d699551034cdaf7","modified":1604643273518},{"_id":"themes/hexo-theme-matery/source/medias/featureimages/1.jpg","hash":"684ae89de8cb7acefae19f5aee6c612037c46393","modified":1604643273520},{"_id":"themes/hexo-theme-matery/source/medias/featureimages/11.jpg","hash":"f55972ce7175684f2b11c3c9fc2b5b14bccbfae8","modified":1604643273523},{"_id":"themes/hexo-theme-matery/source/medias/featureimages/12.jpg","hash":"8a4b2e7d92ae95c3b0c921db23c35aa9a41a7d58","modified":1604643273525},{"_id":"themes/hexo-theme-matery/source/medias/featureimages/14.jpg","hash":"38e11221406785bcd93aa9cd23e568e164630ef1","modified":1604643273528},{"_id":"themes/hexo-theme-matery/source/medias/featureimages/17.jpg","hash":"42d47903551ee81885c1386022982cae165841c5","modified":1604643273532},{"_id":"themes/hexo-theme-matery/source/medias/featureimages/18.jpg","hash":"64829272ec85bb819d55ff89e5b5fd6f64aa436b","modified":1604643273534},{"_id":"themes/hexo-theme-matery/source/medias/featureimages/19.jpg","hash":"eb250906fdbc0c408f42ae9933725bc1a05d79fb","modified":1604643273535},{"_id":"themes/hexo-theme-matery/source/medias/featureimages/20.jpg","hash":"3b11f9b461168d907073f793190865fe621a8573","modified":1604643273538},{"_id":"themes/hexo-theme-matery/source/medias/featureimages/4.jpg","hash":"e06c47de27619984be9d5d02947f8370a432dfea","modified":1604643273545},{"_id":"themes/hexo-theme-matery/source/medias/featureimages/6.jpg","hash":"c8f2aa4bbb041158b4e73733a341e6a77c8583f7","modified":1604643273548},{"_id":"themes/hexo-theme-matery/source/medias/featureimages/9.jpg","hash":"b956a2291a04b2132366b53666cf34858b8bdb1f","modified":1604643273553},{"_id":"themes/hexo-theme-matery/source/libs/awesome/css/all.css","hash":"6390d0a6e6211ebbd68b49759b4dec8b2a9f04c9","modified":1604643273364},{"_id":"themes/hexo-theme-matery/source/libs/awesome/webfonts/fa-brands-400.eot","hash":"22f9e7d5226408eb2d0a11e118257a3ca22b8670","modified":1604643273369},{"_id":"themes/hexo-theme-matery/source/libs/awesome/webfonts/fa-brands-400.ttf","hash":"91cbeeaceb644a971241c08362898599d6d968ce","modified":1604643273379},{"_id":"themes/hexo-theme-matery/source/libs/awesome/webfonts/fa-brands-400.woff","hash":"18838f5260317da3c5ed29bf844ac8a4f7ad0529","modified":1604643273381},{"_id":"themes/hexo-theme-matery/source/libs/awesome/webfonts/fa-brands-400.woff2","hash":"a46bd47ff0a90b812aafafda587d095cdb844271","modified":1604643273383},{"_id":"themes/hexo-theme-matery/source/libs/awesome/webfonts/fa-solid-900.woff","hash":"92803b8753ceda573c6906774677c5a7081d2fbb","modified":1604643273405},{"_id":"themes/hexo-theme-matery/source/libs/awesome/webfonts/fa-solid-900.woff2","hash":"9c081b88b106c6c04ecb895ba7ba7d3dcb3b55ac","modified":1604643273406},{"_id":"themes/hexo-theme-matery/source/medias/cover.jpg","hash":"d4957ff7cc5e88555cd840f2956ab0561e6f1ccf","modified":1604643273516},{"_id":"themes/hexo-theme-matery/source/libs/gitalk/gitalk.min.js","hash":"7a3534269fd922d722a76c3affefc68e21246898","modified":1604643273435},{"_id":"themes/hexo-theme-matery/source/libs/materialize/materialize.min.css","hash":"a69d456e3345e7f59cd0d47d1b3e70fd4a496a05","modified":1604643273466},{"_id":"themes/hexo-theme-matery/source/libs/valine/av-min.js","hash":"9cb4babc20eb8fb5a86c4b0cc894fdb0f3cd9534","modified":1604643273496},{"_id":"themes/hexo-theme-matery/source/medias/banner/1.jpg","hash":"ab122a36998a4f62a61e61a4fc5e00248113413b","modified":1604643273502},{"_id":"themes/hexo-theme-matery/source/medias/banner/5.jpg","hash":"852418f4f09e796e12bc3bab7a1488d3f37d6486","modified":1604643273510},{"_id":"themes/hexo-theme-matery/source/medias/banner/6.jpg","hash":"ed7282cc129c4ff9f322d2f2897fb4aac5c48589","modified":1604643273512},{"_id":"themes/hexo-theme-matery/source/libs/awesome/webfonts/fa-regular-400.svg","hash":"3d3a49445343d80f3b553e3e3425b9a7bd49acaf","modified":1604643273386},{"_id":"themes/hexo-theme-matery/source/libs/materialize/materialize.min.js","hash":"c843f0dc497314574c608ca28cc742bb041786d5","modified":1604643273469},{"_id":"themes/hexo-theme-matery/source/libs/awesome/webfonts/fa-solid-900.eot","hash":"cab8e84ae5682d1d556e234df9c790985888def8","modified":1604643273393},{"_id":"themes/hexo-theme-matery/source/libs/awesome/webfonts/fa-solid-900.ttf","hash":"9521ed12274c2cbc910cea77657116fcf6545da3","modified":1604643273403},{"_id":"themes/hexo-theme-matery/source/medias/banner/4.jpg","hash":"e5ac5033678afa9d69edffe9a61004f836cb5734","modified":1604643273509},{"_id":"themes/hexo-theme-matery/source/libs/awesome/webfonts/fa-brands-400.svg","hash":"5e2d2a159294576bea69cc3360efb5ffe110ab2d","modified":1604643273376},{"_id":"themes/hexo-theme-matery/source/libs/echarts/echarts.min.js","hash":"8789b5e4daf0029a6c88f238f10e54d01c4fce82","modified":1604643273430},{"_id":"themes/hexo-theme-matery/source/libs/awesome/webfonts/fa-solid-900.svg","hash":"7da88b19e1486f8c968d3cf5ab3f194f01ea17fd","modified":1604643273400},{"_id":"public/atom.xml","hash":"9e3c000192dea5b107d251aa9ccb847e961dc918","modified":1604646536038},{"_id":"public/search.xml","hash":"0852e9ba27c30634011a8404f05078404dc47280","modified":1604646536038},{"_id":"public/about/index.html","hash":"8df86e912b3e6e3c31e44c0526be90b3d8757a8d","modified":1604646536038},{"_id":"public/404.html","hash":"8394bf67c56c618a14da8c1b330dbaeceb53b1c0","modified":1604646536038},{"_id":"public/categories/index.html","hash":"c9368d1363809c03e66350cb0affc4521023446e","modified":1604646536038},{"_id":"public/contact/index.html","hash":"4a7bfe4559e4cab9a4d295cd278f4c2ef8d4a457","modified":1604646536038},{"_id":"public/tags/index.html","hash":"a693a9b3ba80a48b0006257eaf2d6b92173fd7c5","modified":1604646536038},{"_id":"public/friends/index.html","hash":"2871eab83ae4b912c43a6c67332c3383c2f395aa","modified":1604646536038},{"_id":"public/2020/11/06/hello-world/index.html","hash":"4726e68f4ddcbdb93e40a087cdbbc6ae1c515dfb","modified":1604646536038},{"_id":"public/archives/index.html","hash":"2c1b97a88eca9ed7716a057d230088f62f75fff5","modified":1604646536038},{"_id":"public/archives/2020/index.html","hash":"ea6dbdb729d154f870024aa6d6b0744706e319a4","modified":1604646536038},{"_id":"public/archives/2020/11/index.html","hash":"d18da32b72808a453f4a2f1edced4a8d88de2ad3","modified":1604646536038},{"_id":"public/index.html","hash":"b9c722a404d149f13652397bb6cb92280dfe2841","modified":1604646536038},{"_id":"public/favicon.png","hash":"774fee8c6d0be9dbb010b20f36c06848d06e3da0","modified":1604646536038},{"_id":"public/medias/avatar.jpg","hash":"2a6287308628881ce27b9a7de53ba15c2be00d02","modified":1604646536038},{"_id":"public/medias/icp.png","hash":"27a96f31f7d0413c6ade6f40e06f021f501151c7","modified":1604646536038},{"_id":"public/medias/logo.png","hash":"d9095f5ea8719374d9d1ff020279426f5b2a1396","modified":1604646536038},{"_id":"public/medias/comment_bg.png","hash":"dfc93d24081884fbc58cab0f8fd19e77d31d6123","modified":1604646536038},{"_id":"public/medias/featureimages/16.jpg","hash":"97a829c4bc94f9d2929b20a1a9b798c57b9f7205","modified":1604646536038},{"_id":"public/medias/featureimages/2.jpg","hash":"4bba691cf71a517ecaeaf42afd3e8f8b31e346c1","modified":1604646536038},{"_id":"public/medias/featureimages/21.jpg","hash":"b26edb128bb0bf58b23fd2f014e9555e89a2ca3b","modified":1604646536038},{"_id":"public/medias/featureimages/22.jpg","hash":"754579747a3e99747d890fca3162f370b96a7941","modified":1604646536038},{"_id":"public/medias/featureimages/23.jpg","hash":"7d7f37da3fa7128343adac23866449eb2c6a549a","modified":1604646536038},{"_id":"public/medias/featureimages/3.jpg","hash":"6ec646c2a70f5f11edacf225c1477f2200a37a96","modified":1604646536038},{"_id":"public/medias/featureimages/5.jpg","hash":"41ca20129a37fedc573eec28dd7d7b9e5b09228a","modified":1604646536038},{"_id":"public/medias/featureimages/7.jpg","hash":"7975141cd64e875122c0ea33daaca1a06bf00b8e","modified":1604646536038},{"_id":"public/medias/reward/wechat.png","hash":"fe93385aa92fe328e01c8221a80b039be9e4e140","modified":1604646536038},{"_id":"public/libs/awesome/webfonts/fa-regular-400.eot","hash":"439c8afd3373acb4a73135a34e220464a89cd5e2","modified":1604646536038},{"_id":"public/libs/awesome/webfonts/fa-regular-400.ttf","hash":"0f4bd02942a54a6b3200d9078adff88c2812e751","modified":1604646536038},{"_id":"public/libs/awesome/webfonts/fa-regular-400.woff","hash":"59439d3ad31d856d78ec3e2bd9f1eafa2c7a581c","modified":1604646536038},{"_id":"public/libs/awesome/webfonts/fa-regular-400.woff2","hash":"f6f653b4ea8fc487bdb590d39d5a726258a55f40","modified":1604646536038},{"_id":"public/libs/lightGallery/fonts/lg.eot","hash":"54caf05a81e33d7bf04f2e420736ce6f1de5f936","modified":1604646536038},{"_id":"public/libs/lightGallery/fonts/lg.svg","hash":"67d261ac428761389c895e1da73664e633e14a72","modified":1604646536038},{"_id":"public/libs/lightGallery/fonts/lg.ttf","hash":"f6421c0c397311ae09f9257aa58bcd5e9720f493","modified":1604646536038},{"_id":"public/libs/lightGallery/fonts/lg.woff","hash":"3048de344dd5cad4624e0127e58eaae4b576f574","modified":1604646536038},{"_id":"public/libs/lightGallery/img/loading.gif","hash":"15a76af2739482d8de7354abc6d8dc4fca8d145e","modified":1604646536038},{"_id":"public/libs/lightGallery/img/video-play.png","hash":"2962e03ddbe04d7e201a5acccac531a2bbccddfc","modified":1604646536038},{"_id":"public/libs/lightGallery/img/vimeo-play.png","hash":"9b72fc0f86a01467ed0b68c9cc4d604ec316d517","modified":1604646536038},{"_id":"public/libs/lightGallery/img/youtube-play.png","hash":"f8d11384d33b7a79ee2ba8d522844f14d5067a80","modified":1604646536038},{"_id":"public/libs/share/fonts/iconfont.eot","hash":"00ff749c8e202401190cc98d56087cdda716abe4","modified":1604646536038},{"_id":"public/libs/share/fonts/iconfont.svg","hash":"1d56c9d5db0273f07c43cc1397e440f98ba7827a","modified":1604646536038},{"_id":"public/libs/share/fonts/iconfont.ttf","hash":"afd898f59d363887418669520b24d175f966a083","modified":1604646536038},{"_id":"public/libs/share/fonts/iconfont.woff","hash":"2e3fce1dcfbd6e2114e7bfbeaf72d3c62e15a1bd","modified":1604646536038},{"_id":"public/css/prism-tomorrow.css","hash":"3b99487dfc9b4e51e9105a93743b92a761840e34","modified":1604646536038},{"_id":"public/medias/featureimages/0.jpg","hash":"1c3300f029fc85d6dda6fa4f1d699551034cdaf7","modified":1604646536038},{"_id":"public/medias/featureimages/10.jpg","hash":"98e7f6fd9c97d4de9044b6871ca08ebf14db11b9","modified":1604646536038},{"_id":"public/medias/featureimages/13.jpg","hash":"35a320174f8e316e3eadaec658024276b651c6e9","modified":1604646536038},{"_id":"public/medias/featureimages/15.jpg","hash":"da0fbee3b7bde1607eace377ddf834c0be99edfe","modified":1604646536038},{"_id":"public/medias/featureimages/17.jpg","hash":"42d47903551ee81885c1386022982cae165841c5","modified":1604646536038},{"_id":"public/medias/featureimages/18.jpg","hash":"64829272ec85bb819d55ff89e5b5fd6f64aa436b","modified":1604646536038},{"_id":"public/medias/featureimages/19.jpg","hash":"eb250906fdbc0c408f42ae9933725bc1a05d79fb","modified":1604646536038},{"_id":"public/medias/featureimages/20.jpg","hash":"3b11f9b461168d907073f793190865fe621a8573","modified":1604646536038},{"_id":"public/medias/featureimages/4.jpg","hash":"e06c47de27619984be9d5d02947f8370a432dfea","modified":1604646536038},{"_id":"public/medias/featureimages/8.jpg","hash":"8e4b7186352085483ca1174c7c0800114c48df8b","modified":1604646536038},{"_id":"public/medias/featureimages/9.jpg","hash":"b956a2291a04b2132366b53666cf34858b8bdb1f","modified":1604646536038},{"_id":"public/medias/reward/alipay.jpg","hash":"1abc719b95d1b26f1f898e6b0a9b7609146e332f","modified":1604646536038},{"_id":"public/libs/awesome/webfonts/fa-brands-400.woff","hash":"18838f5260317da3c5ed29bf844ac8a4f7ad0529","modified":1604646536038},{"_id":"public/libs/awesome/webfonts/fa-brands-400.woff2","hash":"a46bd47ff0a90b812aafafda587d095cdb844271","modified":1604646536038},{"_id":"public/libs/awesome/webfonts/fa-solid-900.woff2","hash":"9c081b88b106c6c04ecb895ba7ba7d3dcb3b55ac","modified":1604646536038},{"_id":"public/libs/awesome/webfonts/fa-solid-900.woff","hash":"92803b8753ceda573c6906774677c5a7081d2fbb","modified":1604646536038},{"_id":"public/medias/banner/0.jpg","hash":"69ec96cd9b4bc3aa631adc9da61353f50c39f031","modified":1604646536038},{"_id":"public/medias/banner/2.jpg","hash":"39fb2535460ce66cc0b34e07ffb9411db1405f09","modified":1604646536038},{"_id":"public/medias/featureimages/1.jpg","hash":"684ae89de8cb7acefae19f5aee6c612037c46393","modified":1604646536038},{"_id":"public/medias/featureimages/11.jpg","hash":"f55972ce7175684f2b11c3c9fc2b5b14bccbfae8","modified":1604646536038},{"_id":"public/medias/featureimages/12.jpg","hash":"8a4b2e7d92ae95c3b0c921db23c35aa9a41a7d58","modified":1604646536038},{"_id":"public/medias/featureimages/14.jpg","hash":"38e11221406785bcd93aa9cd23e568e164630ef1","modified":1604646536038},{"_id":"public/libs/awesome/webfonts/fa-brands-400.eot","hash":"22f9e7d5226408eb2d0a11e118257a3ca22b8670","modified":1604646536038},{"_id":"public/css/gitment.css","hash":"2bd15cc17dca35ac3ecc0acf167a23a1dd362acd","modified":1604646536038},{"_id":"public/css/my-gitalk.css","hash":"eeda46a83d0db1cc239a9cd27d544faf663f9883","modified":1604646536038},{"_id":"public/css/my.css","hash":"10577fbc30f241b126d1b51b1f56136ecba86b19","modified":1604646536038},{"_id":"public/js/matery.js","hash":"b86de5fe3e9766b7ff80df12ea41c3a9e30825f7","modified":1604646536038},{"_id":"public/js/search.js","hash":"e1482406c58ea2a0eb178d7e4efb2c879cdddc80","modified":1604646536038},{"_id":"public/libs/aos/aos.js","hash":"02bfb40b0c4b6e9b0b4081218357145cbb327d74","modified":1604646536038},{"_id":"public/libs/aplayer/APlayer.min.css","hash":"07372a2ba507388d0fed166d761b1c2c2a659dce","modified":1604646536038},{"_id":"public/libs/background/canvas-nest.js","hash":"65333d0dbb9c1173a1b13031b230161fc42c8b2f","modified":1604646536038},{"_id":"public/libs/background/ribbon-dynamic.js","hash":"052b80c29e6bc585aa28d4504b743bdbac220a88","modified":1604646536038},{"_id":"public/libs/background/ribbon-refresh.min.js","hash":"6d98692b2cad8c746a562db18b170b35c24402f4","modified":1604646536038},{"_id":"public/libs/background/ribbon.min.js","hash":"6a99d494c030388f96f6086a7aaa0f03f3fe532e","modified":1604646536038},{"_id":"public/libs/codeBlock/codeBlockFuction.js","hash":"c7ab06d27a525b15b1eb69027135269e9b9132fb","modified":1604646536038},{"_id":"public/libs/codeBlock/codeCopy.js","hash":"6d39a766af62e625f177c4d5cf3adc35eed71e61","modified":1604646536038},{"_id":"public/libs/codeBlock/codeLang.js","hash":"bac88b4d4e3679732d29bd037c34f089cf27cf05","modified":1604646536038},{"_id":"public/libs/codeBlock/codeShrink.js","hash":"201e8cd761b4be557247bdaf1ebc7c11c83194f6","modified":1604646536038},{"_id":"public/libs/instantpage/instantpage.js","hash":"83ce8919b1a69b2f1809ffaf99b52a8627e650e9","modified":1604646536038},{"_id":"public/libs/jqcloud/jqcloud-1.0.4.min.js","hash":"257eaae3020599e4939f50d5008a743827f25b8c","modified":1604646536038},{"_id":"public/libs/jqcloud/jqcloud.css","hash":"20d9f11a19d95c70e27cb922e0d6dccbec4eae89","modified":1604646536038},{"_id":"public/libs/others/busuanzi.pure.mini.js","hash":"6e41f31100ae7eb3a6f23f2c168f6dd56e7f7a9a","modified":1604646536038},{"_id":"public/libs/others/clicklove.js","hash":"6a39b8c683ba5dcd92f70c6ab45d1cfac3213e8e","modified":1604646536038},{"_id":"public/libs/scrollprogress/scrollProgress.min.js","hash":"777ffe5d07e85a14fbe97d846f45ffc0087251cc","modified":1604646536038},{"_id":"public/libs/tocbot/tocbot.css","hash":"9ab8ef576c9a57115194152e79cca79b0a41dd70","modified":1604646536038},{"_id":"public/libs/tocbot/tocbot.min.js","hash":"5ec27317f0270b8cf6b884c6f12025700b9a565c","modified":1604646536038},{"_id":"public/libs/share/css/share.min.css","hash":"8a778a86f3ce9a042df6be63a9f1039631e351a5","modified":1604646536038},{"_id":"public/medias/cover.jpg","hash":"d4957ff7cc5e88555cd840f2956ab0561e6f1ccf","modified":1604646536038},{"_id":"public/medias/banner/1.jpg","hash":"ab122a36998a4f62a61e61a4fc5e00248113413b","modified":1604646536038},{"_id":"public/medias/banner/3.jpg","hash":"4ac047e92d0363b1a61ab756aca6dac13fb77494","modified":1604646536038},{"_id":"public/medias/banner/5.jpg","hash":"852418f4f09e796e12bc3bab7a1488d3f37d6486","modified":1604646536038},{"_id":"public/medias/banner/6.jpg","hash":"ed7282cc129c4ff9f322d2f2897fb4aac5c48589","modified":1604646536038},{"_id":"public/medias/featureimages/6.jpg","hash":"c8f2aa4bbb041158b4e73733a341e6a77c8583f7","modified":1604646536038},{"_id":"public/libs/awesome/webfonts/fa-brands-400.ttf","hash":"91cbeeaceb644a971241c08362898599d6d968ce","modified":1604646536038},{"_id":"public/libs/awesome/webfonts/fa-regular-400.svg","hash":"3d3a49445343d80f3b553e3e3425b9a7bd49acaf","modified":1604646536038},{"_id":"public/libs/awesome/webfonts/fa-solid-900.eot","hash":"cab8e84ae5682d1d556e234df9c790985888def8","modified":1604646536038},{"_id":"public/libs/awesome/webfonts/fa-solid-900.ttf","hash":"9521ed12274c2cbc910cea77657116fcf6545da3","modified":1604646536038},{"_id":"public/libs/aos/aos.css","hash":"191a3705a8f63e589a50a0ff2f2c5559f1a1b6b2","modified":1604646536038},{"_id":"public/libs/gitalk/gitalk.css","hash":"940ded3ea12c2fe1ab0820d2831ec405f3f1fe9f","modified":1604646536038},{"_id":"public/libs/gitment/gitment-default.css","hash":"2903c59ee06b965bef32e937bd69f5b0b2190717","modified":1604646536038},{"_id":"public/libs/masonry/masonry.pkgd.min.js","hash":"ff940b4ea68368ca0e4d5560cbb79fb147dfc3c5","modified":1604646536038},{"_id":"public/libs/lightGallery/css/lightgallery.min.css","hash":"1b7227237f9785c66062a4811508916518e4132c","modified":1604646536038},{"_id":"public/libs/share/js/jquery.share.min.js","hash":"41367dcb857e02e3c417ebe68a554ce1d4430806","modified":1604646536038},{"_id":"public/libs/share/js/social-share.min.js","hash":"a3090a02786dcd4efc6355c1c1dc978add8d6827","modified":1604646536038},{"_id":"public/css/matery.css","hash":"b53f4b6b7b2d992c904a9bf98b504fba247b220e","modified":1604646536038},{"_id":"public/libs/cryptojs/crypto-js.min.js","hash":"5989527a378b55011a59522f41eeb3981518325c","modified":1604646536038},{"_id":"public/libs/dplayer/DPlayer.min.css","hash":"f7d19655f873b813ffba5d1a17145c91f82631b8","modified":1604646536038},{"_id":"public/libs/minivaline/MiniValine.js","hash":"fbb58c37e2c74f127ae0c566afa9b48889aab79f","modified":1604646536038},{"_id":"public/libs/animate/animate.min.css","hash":"97afa151569f046b2e01f27c1871646e9cd87caf","modified":1604646536038},{"_id":"public/libs/aplayer/APlayer.min.js","hash":"22caa28ff6b41a16ff40f15d38f1739e22359478","modified":1604646536038},{"_id":"public/libs/lightGallery/js/lightgallery-all.min.js","hash":"9f5ef4bc8a0a3c746ca4f3c3e6d64493b1a977d8","modified":1604646536038},{"_id":"public/libs/gitment/gitment.js","hash":"28c02c45ce568e084cd1041dc493f83f9c6c88c6","modified":1604646536038},{"_id":"public/libs/valine/Valine.min.js","hash":"6cbdbf91e1f046dd41267a5ff0691a1fccba99df","modified":1604646536038},{"_id":"public/libs/awesome/css/all.css","hash":"ecc41e32ad2696877a1656749841f3b5543bbe3d","modified":1604646536038},{"_id":"public/medias/banner/4.jpg","hash":"e5ac5033678afa9d69edffe9a61004f836cb5734","modified":1604646536038},{"_id":"public/libs/jquery/jquery.min.js","hash":"2115753ca5fb7032aec498db7bb5dca624dbe6be","modified":1604646536038},{"_id":"public/libs/dplayer/DPlayer.min.js","hash":"c3bad7b265574fab0ae4d45867422ea1cb9d6599","modified":1604646536038},{"_id":"public/libs/materialize/materialize.min.css","hash":"a69d456e3345e7f59cd0d47d1b3e70fd4a496a05","modified":1604646536038},{"_id":"public/libs/gitalk/gitalk.min.js","hash":"8fefe38f28804f90116bdcb74a0875c9de9f3b7d","modified":1604646536038},{"_id":"public/libs/valine/av-min.js","hash":"541efb9edc1ce425cbe3897cfc25803211fe6a05","modified":1604646536038},{"_id":"public/libs/materialize/materialize.min.js","hash":"c8b4c65651921d888cf5f27430dfe2ad190d35bf","modified":1604646536038},{"_id":"public/libs/awesome/webfonts/fa-brands-400.svg","hash":"5e2d2a159294576bea69cc3360efb5ffe110ab2d","modified":1604646536038},{"_id":"public/libs/awesome/webfonts/fa-solid-900.svg","hash":"7da88b19e1486f8c968d3cf5ab3f194f01ea17fd","modified":1604646536038},{"_id":"public/libs/echarts/echarts.min.js","hash":"9496f386a0da4601cad22c479cc5543913a4d67f","modified":1604646536038}],"Category":[],"Data":[{"_id":"friends","data":[{"avatar":"http://image.luokangyuan.com/1_qq_27922023.jpg","name":"MaJang","introduction":"I am not a master, just looking for the master's footsteps.","url":"http://luokangyuan.com/","title":"Read More"},{"avatar":"http://image.luokangyuan.com/4027734.jpeg","name":"Blinkfox","introduction":"Hello, I'm blinkfox, I like programming.","url":"https://blinkfox.github.io/","title":"Visit Blog"},{"avatar":"http://image.luokangyuan.com/avatar.jpg","name":"ja_rome","introduction":"Ordinary steps can also go out of the great journey.","url":"https://me.csdn.net/jlh912008548","title":"Read More"}]}],"Page":[{"title":"about","date":"2020-11-06T06:29:09.000Z","type":"about","layout":"about","_content":"","source":"about/index.md","raw":"---\ntitle: about\ndate: 2020-11-06 14:29:09\ntype: \"about\"\nlayout: \"about\"\n---\n","updated":"2020-11-06T06:29:24.527Z","path":"about/index.html","comments":1,"_id":"ckh5x4bfl0000acpc95niagsd","content":"","site":{"data":{"friends":[{"avatar":"http://image.luokangyuan.com/1_qq_27922023.jpg","name":"MaJang","introduction":"I am not a master, just looking for the master's footsteps.","url":"http://luokangyuan.com/","title":"Read More"},{"avatar":"http://image.luokangyuan.com/4027734.jpeg","name":"Blinkfox","introduction":"Hello, I'm blinkfox, I like programming.","url":"https://blinkfox.github.io/","title":"Visit Blog"},{"avatar":"http://image.luokangyuan.com/avatar.jpg","name":"ja_rome","introduction":"Ordinary steps can also go out of the great journey.","url":"https://me.csdn.net/jlh912008548","title":"Read More"}]}},"excerpt":"","more":""},{"title":"404","date":"2020-11-05T16:00:00.000Z","type":"404","layout":"404","description":"Cannot find the page you want :(","_content":"","source":"404.md","raw":"---\ntitle: 404\ndate: 2020-11-06 00:00:00\ntype: \"404\"\nlayout: \"404\"\ndescription: \"Cannot find the page you want :(\"\n---","updated":"2020-11-06T06:32:06.836Z","path":"404.html","comments":1,"_id":"ckh5x4bfq0001acpc2y9eb0ng","content":"","site":{"data":{"friends":[{"avatar":"http://image.luokangyuan.com/1_qq_27922023.jpg","name":"MaJang","introduction":"I am not a master, just looking for the master's footsteps.","url":"http://luokangyuan.com/","title":"Read More"},{"avatar":"http://image.luokangyuan.com/4027734.jpeg","name":"Blinkfox","introduction":"Hello, I'm blinkfox, I like programming.","url":"https://blinkfox.github.io/","title":"Visit Blog"},{"avatar":"http://image.luokangyuan.com/avatar.jpg","name":"ja_rome","introduction":"Ordinary steps can also go out of the great journey.","url":"https://me.csdn.net/jlh912008548","title":"Read More"}]}},"excerpt":"","more":""},{"title":"categories","date":"2020-11-06T06:27:34.000Z","type":"categories","layout":"categories","_content":"","source":"categories/index.md","raw":"---\ntitle: categories\ndate: 2020-11-06 14:27:34\ntype: \"categories\"\nlayout: \"categories\"\n---\n","updated":"2020-11-06T06:28:11.565Z","path":"categories/index.html","comments":1,"_id":"ckh5x4bfs0002acpc5sk9ei93","content":"","site":{"data":{"friends":[{"avatar":"http://image.luokangyuan.com/1_qq_27922023.jpg","name":"MaJang","introduction":"I am not a master, just looking for the master's footsteps.","url":"http://luokangyuan.com/","title":"Read More"},{"avatar":"http://image.luokangyuan.com/4027734.jpeg","name":"Blinkfox","introduction":"Hello, I'm blinkfox, I like programming.","url":"https://blinkfox.github.io/","title":"Visit Blog"},{"avatar":"http://image.luokangyuan.com/avatar.jpg","name":"ja_rome","introduction":"Ordinary steps can also go out of the great journey.","url":"https://me.csdn.net/jlh912008548","title":"Read More"}]}},"excerpt":"","more":""},{"title":"contact","date":"2020-11-06T06:29:44.000Z","type":"contact","layout":"contact","_content":"","source":"contact/index.md","raw":"---\ntitle: contact\ndate: 2020-11-06 14:29:44\ntype: \"contact\"\nlayout: \"contact\"\n---\n","updated":"2020-11-06T06:29:58.168Z","path":"contact/index.html","comments":1,"_id":"ckh5x4bft0003acpca99zfyns","content":"","site":{"data":{"friends":[{"avatar":"http://image.luokangyuan.com/1_qq_27922023.jpg","name":"MaJang","introduction":"I am not a master, just looking for the master's footsteps.","url":"http://luokangyuan.com/","title":"Read More"},{"avatar":"http://image.luokangyuan.com/4027734.jpeg","name":"Blinkfox","introduction":"Hello, I'm blinkfox, I like programming.","url":"https://blinkfox.github.io/","title":"Visit Blog"},{"avatar":"http://image.luokangyuan.com/avatar.jpg","name":"ja_rome","introduction":"Ordinary steps can also go out of the great journey.","url":"https://me.csdn.net/jlh912008548","title":"Read More"}]}},"excerpt":"","more":""},{"title":"tags","date":"2020-11-06T06:28:32.000Z","type":"tags","layout":"tags","_content":"","source":"tags/index.md","raw":"---\ntitle: tags\ndate: 2020-11-06 14:28:32\ntype: \"tags\"\nlayout: \"tags\"\n---\n","updated":"2020-11-06T06:28:48.217Z","path":"tags/index.html","comments":1,"_id":"ckh5x4bfu0004acpcboe7cucj","content":"","site":{"data":{"friends":[{"avatar":"http://image.luokangyuan.com/1_qq_27922023.jpg","name":"MaJang","introduction":"I am not a master, just looking for the master's footsteps.","url":"http://luokangyuan.com/","title":"Read More"},{"avatar":"http://image.luokangyuan.com/4027734.jpeg","name":"Blinkfox","introduction":"Hello, I'm blinkfox, I like programming.","url":"https://blinkfox.github.io/","title":"Visit Blog"},{"avatar":"http://image.luokangyuan.com/avatar.jpg","name":"ja_rome","introduction":"Ordinary steps can also go out of the great journey.","url":"https://me.csdn.net/jlh912008548","title":"Read More"}]}},"excerpt":"","more":""},{"title":"friends","date":"2020-11-06T06:30:29.000Z","type":"friends","layout":"friends","_content":"","source":"friends/index.md","raw":"---\ntitle: friends\ndate: 2020-11-06 14:30:29\ntype: \"friends\"\nlayout: \"friends\"\n---\n","updated":"2020-11-06T06:30:40.644Z","path":"friends/index.html","comments":1,"_id":"ckh5x4bfv0005acpce16hc50u","content":"","site":{"data":{"friends":[{"avatar":"http://image.luokangyuan.com/1_qq_27922023.jpg","name":"MaJang","introduction":"I am not a master, just looking for the master's footsteps.","url":"http://luokangyuan.com/","title":"Read More"},{"avatar":"http://image.luokangyuan.com/4027734.jpeg","name":"Blinkfox","introduction":"Hello, I'm blinkfox, I like programming.","url":"https://blinkfox.github.io/","title":"Visit Blog"},{"avatar":"http://image.luokangyuan.com/avatar.jpg","name":"ja_rome","introduction":"Ordinary steps can also go out of the great journey.","url":"https://me.csdn.net/jlh912008548","title":"Read More"}]}},"excerpt":"","more":""}],"Post":[{"title":"Hello World","_content":"Welcome to [Hexo](https://hexo.io/)! This is your very first post. Check [documentation](https://hexo.io/docs/) for more info. If you get any problems when using Hexo, you can find the answer in [troubleshooting](https://hexo.io/docs/troubleshooting.html) or you can ask me on [GitHub](https://github.com/hexojs/hexo/issues).\n\n## Quick Start\n\n### Create a new post\n\n``` bash\n$ hexo new \"My New Post\"\n```\n\nMore info: [Writing](https://hexo.io/docs/writing.html)\n\n### Run server\n\n``` bash\n$ hexo server\n```\n\nMore info: [Server](https://hexo.io/docs/server.html)\n\n### Generate static files\n\n``` bash\n$ hexo generate\n```\n\nMore info: [Generating](https://hexo.io/docs/generating.html)\n\n### Deploy to remote sites\n\n``` bash\n$ hexo deploy\n```\n\nMore info: [Deployment](https://hexo.io/docs/one-command-deployment.html)\n","source":"_posts/hello-world.md","raw":"---\ntitle: Hello World\n---\nWelcome to [Hexo](https://hexo.io/)! This is your very first post. Check [documentation](https://hexo.io/docs/) for more info. If you get any problems when using Hexo, you can find the answer in [troubleshooting](https://hexo.io/docs/troubleshooting.html) or you can ask me on [GitHub](https://github.com/hexojs/hexo/issues).\n\n## Quick Start\n\n### Create a new post\n\n``` bash\n$ hexo new \"My New Post\"\n```\n\nMore info: [Writing](https://hexo.io/docs/writing.html)\n\n### Run server\n\n``` bash\n$ hexo server\n```\n\nMore info: [Server](https://hexo.io/docs/server.html)\n\n### Generate static files\n\n``` bash\n$ hexo generate\n```\n\nMore info: [Generating](https://hexo.io/docs/generating.html)\n\n### Deploy to remote sites\n\n``` bash\n$ hexo deploy\n```\n\nMore info: [Deployment](https://hexo.io/docs/one-command-deployment.html)\n","slug":"hello-world","published":1,"date":"2020-11-06T06:11:52.839Z","updated":"2020-11-06T06:11:52.839Z","comments":1,"layout":"post","photos":[],"link":"","_id":"ckh5x4bhu0006acpc253rhohv","content":"<p>Welcome to <a href=\"https://hexo.io/\">Hexo</a>! This is your very first post. Check <a href=\"https://hexo.io/docs/\">documentation</a> for more info. If you get any problems when using Hexo, you can find the answer in <a href=\"https://hexo.io/docs/troubleshooting.html\">troubleshooting</a> or you can ask me on <a href=\"https://github.com/hexojs/hexo/issues\">GitHub</a>.</p>\n<h2 id=\"Quick-Start\"><a href=\"#Quick-Start\" class=\"headerlink\" title=\"Quick Start\"></a>Quick Start</h2><h3 id=\"Create-a-new-post\"><a href=\"#Create-a-new-post\" class=\"headerlink\" title=\"Create a new post\"></a>Create a new post</h3><pre class=\" language-bash\"><code class=\"language-bash\">$ hexo new <span class=\"token string\">\"My New Post\"</span></code></pre>\n<p>More info: <a href=\"https://hexo.io/docs/writing.html\">Writing</a></p>\n<h3 id=\"Run-server\"><a href=\"#Run-server\" class=\"headerlink\" title=\"Run server\"></a>Run server</h3><pre class=\" language-bash\"><code class=\"language-bash\">$ hexo server</code></pre>\n<p>More info: <a href=\"https://hexo.io/docs/server.html\">Server</a></p>\n<h3 id=\"Generate-static-files\"><a href=\"#Generate-static-files\" class=\"headerlink\" title=\"Generate static files\"></a>Generate static files</h3><pre class=\" language-bash\"><code class=\"language-bash\">$ hexo generate</code></pre>\n<p>More info: <a href=\"https://hexo.io/docs/generating.html\">Generating</a></p>\n<h3 id=\"Deploy-to-remote-sites\"><a href=\"#Deploy-to-remote-sites\" class=\"headerlink\" title=\"Deploy to remote sites\"></a>Deploy to remote sites</h3><pre class=\" language-bash\"><code class=\"language-bash\">$ hexo deploy</code></pre>\n<p>More info: <a href=\"https://hexo.io/docs/one-command-deployment.html\">Deployment</a></p>\n","site":{"data":{"friends":[{"avatar":"http://image.luokangyuan.com/1_qq_27922023.jpg","name":"MaJang","introduction":"I am not a master, just looking for the master's footsteps.","url":"http://luokangyuan.com/","title":"Read More"},{"avatar":"http://image.luokangyuan.com/4027734.jpeg","name":"Blinkfox","introduction":"Hello, I'm blinkfox, I like programming.","url":"https://blinkfox.github.io/","title":"Visit Blog"},{"avatar":"http://image.luokangyuan.com/avatar.jpg","name":"ja_rome","introduction":"Ordinary steps can also go out of the great journey.","url":"https://me.csdn.net/jlh912008548","title":"Read More"}]}},"excerpt":"","more":"<p>Welcome to <a href=\"https://hexo.io/\">Hexo</a>! This is your very first post. Check <a href=\"https://hexo.io/docs/\">documentation</a> for more info. If you get any problems when using Hexo, you can find the answer in <a href=\"https://hexo.io/docs/troubleshooting.html\">troubleshooting</a> or you can ask me on <a href=\"https://github.com/hexojs/hexo/issues\">GitHub</a>.</p>\n<h2 id=\"Quick-Start\"><a href=\"#Quick-Start\" class=\"headerlink\" title=\"Quick Start\"></a>Quick Start</h2><h3 id=\"Create-a-new-post\"><a href=\"#Create-a-new-post\" class=\"headerlink\" title=\"Create a new post\"></a>Create a new post</h3><pre><code class=\"bash\">$ hexo new &quot;My New Post&quot;</code></pre>\n<p>More info: <a href=\"https://hexo.io/docs/writing.html\">Writing</a></p>\n<h3 id=\"Run-server\"><a href=\"#Run-server\" class=\"headerlink\" title=\"Run server\"></a>Run server</h3><pre><code class=\"bash\">$ hexo server</code></pre>\n<p>More info: <a href=\"https://hexo.io/docs/server.html\">Server</a></p>\n<h3 id=\"Generate-static-files\"><a href=\"#Generate-static-files\" class=\"headerlink\" title=\"Generate static files\"></a>Generate static files</h3><pre><code class=\"bash\">$ hexo generate</code></pre>\n<p>More info: <a href=\"https://hexo.io/docs/generating.html\">Generating</a></p>\n<h3 id=\"Deploy-to-remote-sites\"><a href=\"#Deploy-to-remote-sites\" class=\"headerlink\" title=\"Deploy to remote sites\"></a>Deploy to remote sites</h3><pre><code class=\"bash\">$ hexo deploy</code></pre>\n<p>More info: <a href=\"https://hexo.io/docs/one-command-deployment.html\">Deployment</a></p>\n"}],"PostAsset":[],"PostCategory":[],"PostTag":[],"Tag":[]}}